<?xml version="1.0" encoding="UTF-8"?>
<project-private xmlns="http://www.netbeans.org/ns/project-private/1">
    <editor-bookmarks xmlns="http://www.netbeans.org/ns/editor-bookmarks/2" lastBookmarkId="0"/>
    <open-files xmlns="http://www.netbeans.org/ns/projectui-open-files/2">
        <group name="soluciones"/>
        <group name="demonstrations">
            <file>file:/E:/OneDrive%20-%20iesaguadulce.es/I.E.S.%20Aguadulce%202020-2021/DWES/Soluciones%20Tareas/DWES04_SOLUCION/src/conn.php</file>
            <file>file:/E:/OneDrive%20-%20iesaguadulce.es/I.E.S.%20Aguadulce%202020-2021/DWES/Soluciones%20Tareas/DWES04_SOLUCION/src/Peticion.php</file>
        </group>
    </open-files>
</project-private>
